backend,best_throughput_mpairs_s,best_throughput_time_s,best_time_s,best_time_throughput_mpairs_s,best_mem_eff_mpairs_per_gb,best_stability_cv_pct,stability_flag
numpy,0.10076465928546016,5.208175204694271,5.208175204694271,0.10076465928546016,,0.14519748003159477,stable
cuda_states,0.09223659302205275,5.689715792890638,2.073987185023725,0.01586123590229594,2.9087242156806843,0.16495204143935507,stable
torch,0.0603784390618335,8.69184444239363,2.357173914089799,0.01395569491218576,2.9425684813477817,0.12331247357702303,stable
