{
  "total_tests": 9,
  "backends_tested": [
    "cuda_states",
    "torch",
    "numpy"
  ],
  "dataset_profiles": [
    "fashion"
  ],
  "qubit_range": [
    12,
    12
  ],
  "sample_range": [
    256,
    1024
  ],
  "cuda_states": {
    "avg_throughput_mpairs_s": 0.05224158847436758,
    "max_throughput_mpairs_s": 0.09005714432812188,
    "median_throughput_mpairs_s": 0.04487521423605822,
    "p95_throughput_mpairs_s": 0.08553895131891551,
    "avg_time_s": 3.421147651039064,
    "median_time_s": 2.926515276543796,
    "p95_time_s": 5.5373214927501975,
    "time_std_s": 1.7971364349619598,
    "time_cv_pct": 61.40874949008882,
    "stability_flag": "unstable",
    "peak_vram_gb": 0.0625,
    "median_throughput_per_gb": 1.436006855553863
  },
  "torch": {
    "avg_throughput_mpairs_s": 0.043058654781323084,
    "max_throughput_mpairs_s": 0.05991034270177192,
    "median_throughput_mpairs_s": 0.046139395968559836,
    "p95_throughput_mpairs_s": 0.05853324802845071,
    "avg_time_s": 4.342847251643737,
    "median_time_s": 2.8463311502709985,
    "p95_time_s": 8.168413756228983,
    "time_std_s": 3.176861159402143,
    "time_cv_pct": 111.61249312469053,
    "stability_flag": "unstable",
    "peak_vram_gb": 0.01953125,
    "median_throughput_per_gb": 2.7148733099604927
  },
  "numpy": {
    "avg_throughput_mpairs_s": 0.03877202484032144,
    "max_throughput_mpairs_s": 0.08692392677832157,
    "median_throughput_mpairs_s": 0.02334105582553014,
    "p95_throughput_mpairs_s": 0.08056563968304242,
    "avg_time_s": 5.700105997733772,
    "median_time_s": 5.62648069486022,
    "p95_time_s": 5.9963648550212385,
    "time_std_s": 0.2508551744996429,
    "time_cv_pct": 4.458473921874444,
    "stability_flag": "stable",
    "peak_vram_gb": 0.0
  },
  "stability_by_test_family": {
    "sample_scaling": {
      "cuda_states": {
        "num_points": 3,
        "median_time_s": 2.926515276543796,
        "time_std_s": 1.7971364349619598,
        "time_cv_pct": 61.40874949008882,
        "stability_flag": "unstable",
        "median_throughput_mpairs_s": 0.04487521423605822,
        "max_throughput_mpairs_s": 0.09005714432812188
      },
      "numpy": {
        "num_points": 3,
        "median_time_s": 5.62648069486022,
        "time_std_s": 0.2508551744996429,
        "time_cv_pct": 4.458473921874444,
        "stability_flag": "stable",
        "median_throughput_mpairs_s": 0.02334105582553014,
        "max_throughput_mpairs_s": 0.08692392677832157
      },
      "torch": {
        "num_points": 3,
        "median_time_s": 2.8463311502709985,
        "time_std_s": 3.176861159402143,
        "time_cv_pct": 111.61249312469053,
        "stability_flag": "unstable",
        "median_throughput_mpairs_s": 0.046139395968559836,
        "max_throughput_mpairs_s": 0.05991034270177192
      }
    }
  }
}