n_qubits,backend,n_samples,gpu_id,time_s,time_std_s,throughput_mpairs_s,peak_vram_gb,peak_vram_alloc_gb,peak_vram_reserved_gb,state_vector_size_gb,kernel_matrix,test_family,dataset_profile
12,cuda_states,256,0,1.509516604244709,0.0,0.021792406858922635,0.015625,0.015659809112548828,0.015625,6.103515625e-05,,sample_scaling,fashion
12,cuda_states,512,0,2.926515276543796,0.0,0.04487521423605822,0.03125,0.03130769729614258,0.03125,6.103515625e-05,,sample_scaling,fashion
12,cuda_states,1024,0,5.827411072328687,0.0,0.09005714432812188,0.0625,0.06260347366333008,0.0625,6.103515625e-05,,sample_scaling,fashion
12,torch,256,0,1.4224543366581202,0.0,0.023126225673637486,0.0,0.0005345344543457031,0.0,6.103515625e-05,,sample_scaling,fashion
12,torch,512,0,2.8463311502709985,0.0,0.046139395968559836,0.01953125,0.002022266387939453,0.01953125,6.103515625e-05,,sample_scaling,fashion
12,torch,1024,0,8.759756268002093,0.0,0.05991034270177192,0.01953125,0.009869098663330078,0.01953125,6.103515625e-05,,sample_scaling,fashion
12,numpy,256,-1,5.436374203301966,0.0,0.006051091917112604,0.0,0.0,0.0,6.103515625e-05,,sample_scaling,fashion
12,numpy,512,-1,5.62648069486022,0.0,0.02334105582553014,0.0,0.0,0.0,6.103515625e-05,,sample_scaling,fashion
12,numpy,1024,-1,6.037463095039129,0.0,0.08692392677832157,0.0,0.0,0.0,6.103515625e-05,,sample_scaling,fashion
