backend,best_throughput_mpairs_s,best_throughput_time_s,best_time_s,best_time_throughput_mpairs_s,best_mem_eff_mpairs_per_gb,best_stability_cv_pct,stability_flag
cuda_states,0.09005714432812188,5.827411072328687,1.509516604244709,0.021792406858922635,1.4409143092499501,0.0,stable
numpy,0.08692392677832157,6.037463095039129,5.436374203301966,0.006051091917112604,,0.0,stable
torch,0.05991034270177192,8.759756268002093,1.4224543366581202,0.023126225673637486,3.067409546330722,0.0,stable
