backend,best_throughput_mpairs_s,best_throughput_time_s,best_time_s,best_time_throughput_mpairs_s,best_mem_eff_mpairs_per_gb,best_stability_cv_pct,stability_flag
cuda_states,0.05999460144504211,8.747453726828098,5.219858664087951,0.0063020863431266505,2.6606565390190506,0.0,stable
torch,0.04053601198101318,12.946512850001454,4.527264965698123,0.007266197196153572,1.7508081769879893,0.0,stable
numpy,0.025493928897769937,5.151344091631472,5.151344091631472,0.025493928897769937,,0.0,stable
