backend,best_throughput_mpairs_s,best_throughput_time_s,best_time_s,best_time_throughput_mpairs_s,best_mem_eff_mpairs_per_gb,best_stability_cv_pct,stability_flag
numpy,0.09654558193349758,5.435774371959269,5.435774371959269,0.09654558193349758,,0.08305470822279709,stable
cuda_states,0.06904594196490048,7.600736336782575,5.629800729919225,0.005843190830037067,3.5351522286029047,0.19040370805545628,stable
torch,0.0381326155200609,13.762496824376285,6.214596699923277,0.005293344297049255,1.8745876116271816,0.3089747574457867,stable
