backend,best_throughput_mpairs_s,best_throughput_time_s,best_time_s,best_time_throughput_mpairs_s,best_mem_eff_mpairs_per_gb,best_stability_cv_pct,stability_flag
numpy,0.09701670577112234,5.409377651289105,5.409377651289105,0.09701670577112234,,1.556135947320749,stable
cuda_states,0.056485696245681505,9.290847681462765,5.27453137608245,0.0062367625964209975,2.8842777140456635,0.347277327547645,stable
torch,0.05384765211389048,9.746014531701803,5.75753981852904,0.005713551453718718,2.7569997882311927,0.3551017434168341,stable
