{
  "total_tests": 9,
  "backends_tested": [
    "cuda_states",
    "torch",
    "numpy"
  ],
  "dataset_profiles": [
    "fashion"
  ],
  "qubit_range": [
    12,
    12
  ],
  "sample_range": [
    256,
    1024
  ],
  "cuda_states": {
    "avg_throughput_mpairs_s": 0.051926174804337505,
    "max_throughput_mpairs_s": 0.08954088402314091,
    "median_throughput_mpairs_s": 0.04444872001392398,
    "p95_throughput_mpairs_s": 0.08503166762221921,
    "avg_time_s": 3.441787908474604,
    "median_time_s": 2.9545957669615746,
    "p95_time_s": 5.570368409156799,
    "time_std_s": 1.8094870192597072,
    "time_cv_pct": 61.24313313832891,
    "stability_flag": "unstable",
    "peak_vram_gb": 0.0625,
    "median_throughput_per_gb": 1.4223590404455673
  },
  "torch": {
    "avg_throughput_mpairs_s": 0.04304886841858548,
    "max_throughput_mpairs_s": 0.06040665758160144,
    "median_throughput_mpairs_s": 0.045883065417210385,
    "p95_throughput_mpairs_s": 0.05895429836516233,
    "avg_time_s": 4.32974433278044,
    "median_time_s": 2.862232477404177,
    "p95_time_s": 8.105228948593139,
    "time_std_s": 3.135881239369939,
    "time_cv_pct": 109.56067559592293,
    "stability_flag": "unstable",
    "peak_vram_gb": 0.01953125,
    "median_throughput_per_gb": 2.721016908769583
  },
  "numpy": {
    "avg_throughput_mpairs_s": 0.03892126195417805,
    "max_throughput_mpairs_s": 0.08896256840697343,
    "median_throughput_mpairs_s": 0.021770552434431094,
    "p95_throughput_mpairs_s": 0.08224336680971919,
    "avg_time_s": 5.795422378617029,
    "median_time_s": 5.899110259488225,
    "p95_time_s": 6.0190428936854,
    "time_std_s": 0.24693213915107667,
    "time_cv_pct": 4.185921745637946,
    "stability_flag": "stable",
    "peak_vram_gb": 0.0
  },
  "stability_by_test_family": {
    "sample_scaling": {
      "cuda_states": {
        "num_points": 3,
        "median_time_s": 2.9545957669615746,
        "time_std_s": 1.8094870192597072,
        "time_cv_pct": 61.24313313832891,
        "stability_flag": "unstable",
        "median_throughput_mpairs_s": 0.04444872001392398,
        "max_throughput_mpairs_s": 0.08954088402314091
      },
      "numpy": {
        "num_points": 3,
        "median_time_s": 5.899110259488225,
        "time_std_s": 0.24693213915107667,
        "time_cv_pct": 4.185921745637946,
        "stability_flag": "stable",
        "median_throughput_mpairs_s": 0.021770552434431094,
        "max_throughput_mpairs_s": 0.08896256840697343
      },
      "torch": {
        "num_points": 3,
        "median_time_s": 2.862232477404177,
        "time_std_s": 3.135881239369939,
        "time_cv_pct": 109.56067559592293,
        "stability_flag": "unstable",
        "median_throughput_mpairs_s": 0.045883065417210385,
        "max_throughput_mpairs_s": 0.06040665758160144
      }
    }
  }
}