backend,best_throughput_mpairs_s,best_throughput_time_s,best_time_s,best_time_throughput_mpairs_s,best_mem_eff_mpairs_per_gb,best_stability_cv_pct,stability_flag
cuda_states,0.08954088402314091,5.861009813845158,1.5097581446170807,0.02178892037594763,1.4326541443702545,0.0,stable
numpy,0.08896256840697343,5.899110259488225,5.454788134433329,0.006030665021129624,,0.0,stable
torch,0.06040665758160144,8.68778411205858,1.4392164088785648,0.022856882256944606,3.092820868177994,0.0,stable
